{
    "Camera": {
        "pitch": 6.544955253601074,
        "x": 8.889925003051758,
        "y": 6.825154781341553,
        "yaw": -13.195024490356445,
        "z": -10.917020797729492
    },
    "ContentBrowserPath": "C:\\HAL\\2\\DX22_3D\\Source\\Sandbox\\Components",
    "LastScene": "Resources/Game/Scenes/TitleScene.json"
}