{
    "Camera": {
        "pitch": 6.819913387298584,
        "x": -3.604332447052002,
        "y": 2.556633710861206,
        "yaw": -10.419881820678711,
        "z": 2.33931827545166
    },
    "ContentBrowserPath": "C:\\HAL\\2\\DX22_3D\\Resources\\Game\\Scenes",
    "LastScene": "C:\\HAL\\2\\DX22_3D\\Resources\\Game\\Scenes\\GameScene.json"
}