{
    "Camera": {
        "pitch": 6.394917011260986,
        "x": 15.970892906188965,
        "y": 0.3333669602870941,
        "yaw": -13.564830780029297,
        "z": -11.033439636230469
    },
    "ContentBrowserPath": "C:\\HAL\\2\\DX22_3D\\Resources\\Game\\Scenes",
    "LastScene": "C:\\HAL\\2\\DX22_3D\\Resources\\Game\\Scenes\\StageSelectScene.json"
}