{
    "Camera": {
        "pitch": 6.944920063018799,
        "x": 15.690086364746094,
        "y": 31.750268936157227,
        "yaw": -12.989842414855957,
        "z": -53.15837860107422
    },
    "ContentBrowserPath": "C:\\HAL\\2\\DX22_3D\\Resources\\Game\\Scenes",
    "LastScene": "C:\\HAL\\2\\DX22_3D\\Resources\\Game\\Scenes\\GameScene.json"
}