{
    "Camera": {
        "pitch": 6.879945278167725,
        "x": -10.530355453491211,
        "y": 7.912656307220459,
        "yaw": -13.204930305480957,
        "z": -12.770347595214844
    },
    "ContentBrowserPath": "C:\\HAL\\DX22\\DirectX11_3DGAME\\Resources\\Game\\Prefabs\\UI",
    "LastScene": "Resources/Game/Scenes/GameScene.json"
}