{
    "Camera": {
        "pitch": 6.414955139160156,
        "x": 18.117412567138672,
        "y": 8.418767929077148,
        "yaw": -13.42502498626709,
        "z": -14.436034202575684
    },
    "ContentBrowserPath": "C:\\HAL\\DX22\\DirectX11_3DGAME\\Resources\\Game\\Skyboxes",
    "LastScene": "Resources/Game/Scenes/TitleScene.json"
}