{
    "Camera": {
        "pitch": 6.8699564933776855,
        "x": 30.406282424926758,
        "y": 20.22455406188965,
        "yaw": -13.34994125366211,
        "z": -29.381250381469727
    },
    "ContentBrowserPath": "C:\\HAL\\2\\DX22_3D\\Resources\\Game\\Scenes",
    "LastScene": "C:\\HAL\\2\\DX22_3D\\Resources\\Game\\Scenes\\GameScene.json"
}