{
    "Camera": {
        "pitch": 7.084952354431152,
        "x": 27.831523895263672,
        "y": 36.14975357055664,
        "yaw": -13.144919395446777,
        "z": -38.47320556640625
    },
    "ContentBrowserPath": "C:\\HAL\\DX22\\DirectX11_3DGAME\\Resources\\Game\\Prefabs",
    "LastScene": "Resources/Game/Scenes/GameScene.json"
}